<?xml version="1.0" encoding="UTF-8"?>
<project xmlns="http://maven.apache.org/POM/4.0.0" xmlns:xsi="http://www.w3.org/2001/XMLSchema-instance"
	xsi:schemaLocation="http://maven.apache.org/POM/4.0.0 http://maven.apache.org/maven-v4_0_0.xsd">

	<modelVersion>4.0.0</modelVersion>
	<groupId>com.springsource.training.eiws</groupId>
	<artifactId>remoting-server</artifactId>
	<packaging>jar</packaging>

	<parent>
		<groupId>com.springsource.training.eiws</groupId>
		<artifactId>parentCoreEiwsProject</artifactId>
		<version>3.2.0.CI-SNAPSHOT</version>
	</parent>
	
	<dependencies>
		<!-- Common classes: Percentage, MonetaryAmount -->
		<dependency>
			<groupId>com.springsource.training.eiws</groupId>
			<artifactId>rewards-common</artifactId>
  		</dependency>

		<!-- Reference Application -->
		<dependency>
			<groupId>com.springsource.training.eiws</groupId>
			<artifactId>rewards</artifactId>
		</dependency>
	</dependencies>

</project>
