<?xml version="1.0" encoding="UTF-8"?>
<beans xmlns:xsi="http://www.w3.org/2001/XMLSchema-instance"
	xmlns="http://www.springframework.org/schema/beans"
	xsi:schemaLocation="http://www.springframework.org/schema/beans http://www.springframework.org/schema/beans/spring-beans.xsd
		http://www.springframework.org/schema/context http://www.springframework.org/schema/context/spring-context.xsd"
	xmlns:context="http://www.springframework.org/schema/context">

	<import resource="classpath:app-config.xml"/>
	<import resource="classpath:db-config.xml"/>

	<context:mbean-export/>
	
	<bean class="rewards.ui.DiningEntry">
		<constructor-arg ref="rewardNetwork"/>
	</bean>

	<!-- A transaction manager for working with connections from the given DataSource -->
	<bean id="transactionManager" class="org.springframework.jdbc.datasource.DataSourceTransactionManager">
		<property name="dataSource" ref="dataSource" />
	</bean>

</beans>
